File Name,File Path,File Type,Theme,Main Category,Subcategory
1950's Concept Glass Roof Cadillac Coupe 3.png,/mnt/data/Extracted_Files/Compressed/1950's Concept Glass Roof Cadillac Coupe 3.png,.png,Vehicles,Vehicles,Classic Cars
1989 Chrome Riveted Panel Lowrider Suburban.jpg,/mnt/data/Extracted_Files/Compressed/1989 Chrome Riveted Panel Lowrider Suburban.jpg,.jpg,Vehicles,Vehicles,Modern Vehicles
2024 Collage 1.jpg,/mnt/data/Extracted_Files/Compressed/2024 Collage 1.jpg,.jpg,Miscellaneous,Miscellaneous,Miscellaneous Objects
2024 Collage 2.jpg,/mnt/data/Extracted_Files/Compressed/2024 Collage 2.jpg,.jpg,Miscellaneous,Miscellaneous,Miscellaneous Objects
Abandoned Control 1.png,/mnt/data/Extracted_Files/Compressed/Abandoned Control 1.png,.png,Miscellaneous,Miscellaneous,Miscellaneous Objects
Arctic Snowmobile Castle.jpg,/mnt/data/Extracted_Files/Compressed/Arctic Snowmobile Castle.jpg,.jpg,Vehicles,Vehicles,Concept Vehicles
Artemis Logo.png,/mnt/data/Extracted_Files/Compressed/Artemis Logo.png,.png,Logos,Logos,Tech Logos
Bigfoot.png,/mnt/data/Extracted_Files/Compressed/Bigfoot.png,.png,Miscellaneous,Miscellaneous,Miscellaneous Objects
ChatGPT Money.jpg,/mnt/data/Extracted_Files/Compressed/ChatGPT Money.jpg,.jpg,Logos,Logos,Brand Logos
ChatGPT.jpg,/mnt/data/Extracted_Files/Compressed/ChatGPT.jpg,.jpg,Logos,Logos,Brand Logos
Chef Boyardee.png,/mnt/data/Extracted_Files/Compressed/Chef Boyardee.png,.png,Miscellaneous,Miscellaneous,Miscellaneous Objects
Concrete Forest Bunker 2.png,/mnt/data/Extracted_Files/Compressed/Concrete Forest Bunker 2.png,.png,Architecture,Architecture,Concept Designs
Egypt Pyramid Photo.jpg,/mnt/data/Extracted_Files/Compressed/Egypt Pyramid Photo.jpg,.jpg,Miscellaneous,Miscellaneous,Miscellaneous Objects
Evolve.jpg,/mnt/data/Extracted_Files/Compressed/Evolve.jpg,.jpg,Miscellaneous,Miscellaneous,Abstract Art
Fiber Optic Electric Toothbrush.jpg,/mnt/data/Extracted_Files/Compressed/Fiber Optic Electric Toothbrush.jpg,.jpg,Technology,Technology,Gadgets
Floating Igloo.png,/mnt/data/Extracted_Files/Compressed/Floating Igloo.png,.png,Architecture,Architecture,Concept Designs
Forest Chainsaw Humanoid Robot.png,/mnt/data/Extracted_Files/Compressed/Forest Chainsaw Humanoid Robot.png,.png,Technology,Technology,Robots
GitHub Repo Sticker.png,/mnt/data/Extracted_Files/Compressed/GitHub Repo Sticker.png,.png,Technology,Logos,Tech Logos
Gold Diamond Sourceduty.jpg,/mnt/data/Extracted_Files/Compressed/Gold Diamond Sourceduty.jpg,.jpg,Nature,Nature,Natural Phenomena
GPT Builder Meme.jpg,/mnt/data/Extracted_Files/Compressed/GPT Builder Meme.jpg,.jpg,Memes,Memes,Tech Memes
Igloo Desert.png,/mnt/data/Extracted_Files/Compressed/Igloo Desert.png,.png,Architecture,Architecture,Concept Designs
Lake Ontario Toronto Nuclear Waste Barrels.jpg,/mnt/data/Extracted_Files/Compressed/Lake Ontario Toronto Nuclear Waste Barrels.jpg,.jpg,Nature,Nature,Landscapes
Late Morning.png,/mnt/data/Extracted_Files/Compressed/Late Morning.png,.png,Miscellaneous,Miscellaneous,Miscellaneous Objects
Linux Tux.png,/mnt/data/Extracted_Files/Compressed/Linux Tux.png,.png,Logos,Logos,Brand Logos
Metabook.png,/mnt/data/Extracted_Files/Compressed/Metabook.png,.png,Logos,Logos,Brand Logos
Mocrisoft.png,/mnt/data/Extracted_Files/Compressed/Mocrisoft.png,.png,Logos,Logos,Brand Logos
Modern Mansion Concept Cliff.png,/mnt/data/Extracted_Files/Compressed/Modern Mansion Concept Cliff.png,.png,Architecture,Architecture,Modern Architecture
Modern Waterfall Roof House.png,/mnt/data/Extracted_Files/Compressed/Modern Waterfall Roof House.png,.png,Architecture,Architecture,Modern Architecture
Nessy.png,/mnt/data/Extracted_Files/Compressed/Nessy.png,.png,Miscellaneous,Miscellaneous,Miscellaneous Objects
Ocean Pole House.jpg,/mnt/data/Extracted_Files/Compressed/Ocean Pole House.jpg,.jpg,Nature,Nature,Landscapes
Old Sandy Desert Car.png,/mnt/data/Extracted_Files/Compressed/Old Sandy Desert Car.png,.png,Vehicles,Vehicles,Classic Cars
Plasma School Bus.png,/mnt/data/Extracted_Files/Compressed/Plasma School Bus.png,.png,Vehicles,Vehicles,Modern Vehicles
Retro Underwater Computer.png,/mnt/data/Extracted_Files/Compressed/Retro Underwater Computer.png,.png,Vehicles,Vehicles,Concept Vehicles
Robot Doorknob.png,/mnt/data/Extracted_Files/Compressed/Robot Doorknob.png,.png,Miscellaneous,Miscellaneous,Miscellaneous Objects
Smart Handbag.png,/mnt/data/Extracted_Files/Compressed/Smart Handbag.png,.png,Technology,Technology,Gadgets
SpaceX Starlink SIM.jpg,/mnt/data/Extracted_Files/Compressed/SpaceX Starlink SIM.jpg,.jpg,Technology,Technology,Communication Devices
Square Retro-Style Lady.png,/mnt/data/Extracted_Files/Compressed/Square Retro-Style Lady.png,.png,Miscellaneous,Miscellaneous,Miscellaneous Objects
Tesla Robots.jpg,/mnt/data/Extracted_Files/Compressed/Tesla Robots.jpg,.jpg,Technology,Technology,Robots
Toronto Raptors.png,/mnt/data/Extracted_Files/Compressed/Toronto Raptors.png,.png,Miscellaneous,Miscellaneous,Miscellaneous Objects
Tropical Skull Island.png,/mnt/data/Extracted_Files/Compressed/Tropical Skull Island.png,.png,Miscellaneous,Miscellaneous,Miscellaneous Objects
Wade Watts Logo.png,/mnt/data/Extracted_Files/Compressed/Wade Watts Logo.png,.png,Miscellaneous,Miscellaneous,Miscellaneous Objects
Walmart Website.png,/mnt/data/Extracted_Files/Compressed/Walmart Website.png,.png,Miscellaneous,Miscellaneous,Miscellaneous Objects
